{"chunk_definitions":[{"row":64,"row_count":1,"visible":true,"expansion_state":0,"options":{"engine":"r","echo":false,"label":"unnamed-chunk-1","dev":"png"},"document_id":"85942167","chunk_id":"cz08a0v4adn3k","chunk_label":"unnamed-chunk-4"},{"row":116,"row_count":1,"visible":true,"expansion_state":0,"options":{"engine":"r","echo":false,"label":"unnamed-chunk-3","dev":"png"},"document_id":"85942167","chunk_id":"c5s9x296qlf5l","chunk_label":"unnamed-chunk-10"},{"row":142,"row_count":1,"visible":true,"expansion_state":0,"options":{"engine":"r","label":"pressure","echo":false,"dev":"png"},"document_id":"85942167","chunk_id":"cpyho29sjcdai","chunk_label":"unnamed-chunk-12"},{"row":169,"row_count":1,"visible":true,"expansion_state":0,"options":{"engine":"r","echo":false,"label":"unnamed-chunk-6","dev":"png"},"document_id":"85942167","chunk_id":"chvitxh7j0ru0","chunk_label":"unnamed-chunk-14"}],"doc_write_time":1747253967}